[{"pk": 1, "model": "project.city", "fields": {"name": "\u5357\u4eac", "description": "\u5357\u4eac"}}, {"pk": 2, "model": "project.city", "fields": {"name": "\u5317\u4eac", "description": "\u5317\u4eac"}}, {"pk": 1, "model": "project.island", "fields": {"city": 1, "name": "\u5357\u4eac\u65e0\u7ebf\u8c37", "description": "\u662f\u53d1\u987a\u4e30"}}, {"pk": 2, "model": "project.island", "fields": {"city": 1, "name": "\u7fe0\u5c4f\u6e05\u534e\u56ed", "description": "tttt"}}, {"pk": 3, "model": "project.island", "fields": {"city": 2, "name": "\u5317\u90ae", "description": "\u5317\u90ae"}}, {"pk": 1, "model": "project.category", "fields": {"image": "img/cat_sdn.png", "name": "SDN"}}, {"pk": 2, "model": "project.category", "fields": {"image": "img/cat_cloud.png", "name": "\u4e91\u8ba1\u7b97"}}, {"pk": 3, "model": "project.category", "fields": {"image": "img/cat_other.png", "name": "ijh98"}}, {"pk": 4, "model": "project.category", "fields": {"image": "img/cat_other.png", "name": "jjhhh"}}, {"pk": 5, "model": "project.category", "fields": {"image": "img/cat_other.png", "name": "ddd"}}, {"pk": 6, "model": "project.category", "fields": {"image": "img/cat_other.png", "name": "uuuuuuuuuuuuuuuuuujjjjjjjjjjjjjjjjjjjjjjjjjjjjjjjjjjjjjjjjjjjjjj"}}, {"pk": 1, "model": "project.project", "fields": {"category": 1, "name": "safaf", "created_time": "2013-11-20T00:00:00", "owner": 1, "islands": [1], "description": "fasdfa"}}, {"pk": 2, "model": "project.project", "fields": {"category": 1, "name": "ll", "created_time": "2013-11-20T00:00:00", "owner": 1, "islands": [1], "description": "lll"}}, {"pk": 4, "model": "project.project", "fields": {"category": 1, "name": "kkkk", "created_time": "2013-11-20T00:00:00", "owner": 1, "islands": [1], "description": "kkk"}}, {"pk": 5, "model": "project.project", "fields": {"category": 1, "name": "kkk", "created_time": "2013-11-20T00:00:00", "owner": 1, "islands": [1], "description": "kkkkk"}}, {"pk": 6, "model": "project.project", "fields": {"category": 1, "name": "99", "created_time": "2013-11-20T00:00:00", "owner": 1, "islands": [1], "description": "9999"}}, {"pk": 7, "model": "project.project", "fields": {"category": 1, "name": "99", "created_time": "2013-11-20T00:00:00", "owner": 1, "islands": [1], "description": "9999"}}, {"pk": 8, "model": "project.project", "fields": {"category": 1, "name": "lll", "created_time": "2013-11-20T00:00:00", "owner": 1, "islands": [1], "description": "llll"}}, {"pk": 9, "model": "project.project", "fields": {"category": 1, "name": "yyy", "created_time": "2013-11-20T00:00:00", "owner": 1, "islands": [1], "description": "yyy"}}, {"pk": 10, "model": "project.project", "fields": {"category": 2, "name": "jjjj", "created_time": "2013-11-20T00:00:00", "owner": 1, "islands": [1], "description": "jjj"}}, {"pk": 11, "model": "project.project", "fields": {"category": 4, "name": "jjjhh", "created_time": "2013-11-20T00:00:00", "owner": 1, "islands": [1], "description": "fghgh"}}, {"pk": 12, "model": "project.project", "fields": {"category": 2, "name": "rrrr", "created_time": "2013-11-20T00:00:00", "owner": 1, "islands": [1], "description": "rrr"}}, {"pk": 13, "model": "project.project", "fields": {"category": 2, "name": "uu", "created_time": "2013-11-20T00:00:00", "owner": 1, "islands": [1], "description": "uuu"}}, {"pk": 14, "model": "project.project", "fields": {"category": 1, "name": "jjjj", "created_time": "2013-11-20T00:00:00", "owner": 1, "islands": [1], "description": "kkk"}}, {"pk": 15, "model": "project.project", "fields": {"category": 2, "name": "kk", "created_time": "2013-11-20T00:00:00", "owner": 1, "islands": [1], "description": "kk"}}, {"pk": 16, "model": "project.project", "fields": {"category": 2, "name": "ff", "created_time": "2013-11-20T00:00:00", "owner": 1, "islands": [1], "description": "ffff"}}, {"pk": 17, "model": "project.project", "fields": {"category": 5, "name": "cc", "created_time": "2013-11-20T00:00:00", "owner": 1, "islands": [1], "description": "cc"}}, {"pk": 18, "model": "project.project", "fields": {"category": 2, "name": "hhhhhhhhhhhhhhhhhhhhhhhhhhhhhhhhhhhhhhhhhhhh", "created_time": "2013-11-20T00:00:00", "owner": 1, "islands": [1], "description": "hhhhhhhhhhhhhhhhhhhhhhhhhhhhhhhhhhhhhhhhhhhhhh"}}, {"pk": 19, "model": "project.project", "fields": {"category": 2, "name": "nmmmmmmmmmmmmmmmmmmmmmmmmmmmmmmmmm", "created_time": "2013-11-20T00:00:00", "owner": 1, "islands": [1], "description": "mmmm"}}, {"pk": 20, "model": "project.project", "fields": {"category": 1, "name": "jjj", "created_time": "2013-11-20T00:00:00", "owner": 1, "islands": [1], "description": "jjj"}}, {"pk": 21, "model": "project.project", "fields": {"category": 2, "name": "jjjjjjiiii", "created_time": "2013-11-20T00:00:00", "owner": 1, "islands": [1], "description": "lllll"}}, {"pk": 22, "model": "project.project", "fields": {"category": 2, "name": "kkkkkkkkkk", "created_time": "2013-11-20T00:00:00", "owner": 1, "islands": [1], "description": "kkkkkkkk"}}, {"pk": 23, "model": "project.project", "fields": {"category": 2, "name": "fff", "created_time": "2013-11-20T00:00:00", "owner": 1, "islands": [1], "description": "fffggggggggggggggggggggggggggggg"}}, {"pk": 24, "model": "project.project", "fields": {"category": 1, "name": "lll", "created_time": "2013-11-20T00:00:00", "owner": 1, "islands": [1], "description": "lll"}}, {"pk": 25, "model": "project.project", "fields": {"category": 3, "name": "hh", "created_time": "2013-11-20T00:00:00", "owner": 1, "islands": [1], "description": "hh"}}, {"pk": 26, "model": "project.project", "fields": {"category": 3, "name": "hh", "created_time": "2013-11-20T00:00:00", "owner": 1, "islands": [1], "description": "hh"}}, {"pk": 27, "model": "project.project", "fields": {"category": 3, "name": "hhh", "created_time": "2013-11-20T00:00:00", "owner": 1, "islands": [1], "description": "hhh"}}, {"pk": 28, "model": "project.project", "fields": {"category": 2, "name": "hhh", "created_time": "2013-11-20T00:00:00", "owner": 1, "islands": [1], "description": "hhh"}}, {"pk": 29, "model": "project.project", "fields": {"category": 3, "name": "iii", "created_time": "2013-11-20T00:00:00", "owner": 1, "islands": [1], "description": "iii"}}, {"pk": 30, "model": "project.project", "fields": {"category": 2, "name": "uuu", "created_time": "2013-11-20T00:00:00", "owner": 1, "islands": [1], "description": "uuu"}}, {"pk": 31, "model": "project.project", "fields": {"category": 2, "name": "jjjj", "created_time": "2013-11-20T00:00:00", "owner": 1, "islands": [1], "description": "jjjj"}}, {"pk": 32, "model": "project.project", "fields": {"category": 1, "name": "lll", "created_time": "2013-11-20T00:00:00", "owner": 1, "islands": [1], "description": "llll"}}, {"pk": 33, "model": "project.project", "fields": {"category": 6, "name": "uuuuuuuuu", "created_time": "2013-11-20T00:00:00", "owner": 1, "islands": [1], "description": "uuuuuuuuuuuuuuuuuuuuuuuuuuuuuuuuuuuuuuuuuuuuuuuuuuuuuuuuuuuuuuuuuuu"}}, {"pk": 34, "model": "project.project", "fields": {"category": 1, "name": "lll", "created_time": "2013-11-20T00:00:00", "owner": 1, "islands": [1], "description": "llll"}}, {"pk": 35, "model": "project.project", "fields": {"category": 2, "name": "iii", "created_time": "2013-11-20T00:00:00", "owner": 1, "islands": [1], "description": "iii"}}, {"pk": 36, "model": "project.project", "fields": {"category": 2, "name": "yyyy", "created_time": "2013-11-20T00:00:00", "owner": 1, "islands": [1], "description": "yyyyyyyyyyyyyyyyyyyyyyyyyyyyyyyyyyyyyyyyyyyyyyyyyyyyyyyyyyyyyyyyyyyyyyyyyyyyyyyyyyyyyyyyyyyyyyyyyyyyyyyyyyyyyyyyyyyyyyyyyyyyyyyyyyyyyyyyyyyyyyyyyyyyyyyyyyyyyyyyyyyyyyyyyyyyyyyyyyyyyyyyyyyyyyyyyyyyyyyyyyyyyyyyyyyyyyyyyyyyyyyyyyyyyyyyyyyyyyyyyyyyyyyyyyyyyyyyyyyyyyyyyyyyyyyyyyyyyyyyyyyyyyyyyyyyyyyyyyyyyyyyyyyyyyyyyyyyyyyyyyyyyyyyyyyyyyyyyyyyyyyyyyyyyyyyyyyyyyyyyyyyyyyyyyyyyyyyyyyyyyyyyyyyyyyyyyyyyyyyyyyyyyyyyyyyyyyyyyyyyyyyyyyyyyyyyyyyyyyyyyyyyyyyyyyyyyyyyyyyyyyyyyyyyyyyyyyyyyyyyyyyyyyyyyyyyyyyyyyyyyyyyyyyyyyyyyyyyyyyyyyyyyyyyyyyyyyyyyyyyyyyyyyyyyyyyyyyyyyyyyyyyyyyyyyyyyyyyyyyyyyyyyyyyyyyyyyyyyyyyyyyyyyyyyyyyyyyyyyyyyyyyyyyyyyyyyyyyyyyyyyyyyyyyyyyyyyyyyyyyyyyyyyyyyyyyyyyyyyyyyyyyyyyyyyyyyyyyyyyyyyyyyyyyyyyyyyyyyyyyyyyyyyyyyyyyyyyyyyyyyyyyyyyyyyyyyyyyyyyyyyyyyyyyyyyyyyyyyyyyyyyyyyyyyyyyyyyyyyy"}}, {"pk": 37, "model": "project.project", "fields": {"category": 2, "name": "hhh", "created_time": "2013-11-20T00:00:00", "owner": 1, "islands": [1], "description": "hhh"}}, {"pk": 38, "model": "project.project", "fields": {"category": 2, "name": "oo", "created_time": "2013-11-20T00:00:00", "owner": 1, "islands": [1], "description": "oo"}}, {"pk": 39, "model": "project.project", "fields": {"category": 2, "name": "iiiii", "created_time": "2013-11-20T00:00:00", "owner": 1, "islands": [1], "description": "iiii"}}, {"pk": 40, "model": "project.project", "fields": {"category": 2, "name": "iiiii", "created_time": "2013-11-20T00:00:00", "owner": 1, "islands": [1], "description": "iiii"}}, {"pk": 41, "model": "project.project", "fields": {"category": 2, "name": "rrrr", "created_time": "2013-11-20T00:00:00", "owner": 2, "islands": [1], "description": "454"}}, {"pk": 43, "model": "project.project", "fields": {"category": 3, "name": "jjjj", "created_time": "2013-11-20T00:00:00", "owner": 2, "islands": [1], "description": "jjjj"}}, {"pk": 44, "model": "project.project", "fields": {"category": 1, "name": "kkkk", "created_time": "2013-11-20T00:00:00", "owner": 2, "islands": [1], "description": "kkk"}}, {"pk": 45, "model": "project.project", "fields": {"category": 1, "name": "i", "created_time": "2013-11-20T00:00:00", "owner": 2, "islands": [1], "description": "iii"}}, {"pk": 46, "model": "project.project", "fields": {"category": 2, "name": "kkkkkkk", "created_time": "2013-11-20T00:00:00", "owner": 2, "islands": [1], "description": "kkk"}}, {"pk": 47, "model": "project.project", "fields": {"category": 2, "name": "ffff", "created_time": "2013-11-20T00:00:00", "owner": 2, "islands": [1], "description": "ffff"}}, {"pk": 48, "model": "project.project", "fields": {"category": 1, "name": "ff:ff:a4:1f:72:50:6b:41fff", "created_time": "2013-11-20T00:00:00", "owner": 2, "islands": [1], "description": "fff"}}, {"pk": 49, "model": "project.project", "fields": {"category": 6, "name": "jjjjjjj", "created_time": "2013-11-20T00:00:00", "owner": 2, "islands": [1], "description": "jjjjjjj"}}, {"pk": 50, "model": "project.project", "fields": {"category": 1, "name": "hhhuuuuu", "created_time": "2013-11-20T00:00:00", "owner": 2, "islands": [1], "description": "hhh"}}, {"pk": 51, "model": "project.project", "fields": {"category": 1, "name": "lllllll", "created_time": "2013-11-21T14:07:32", "owner": 2, "islands": [1], "description": "llllll"}}, {"pk": 52, "model": "project.project", "fields": {"category": 1, "name": "ttttt", "created_time": "2013-11-21T15:30:38", "owner": 1, "islands": [1], "description": "llll"}}, {"pk": 53, "model": "project.project", "fields": {"category": 4, "name": "ii", "created_time": "2013-11-21T16:47:25", "owner": 2, "islands": [1], "description": "iii"}}, {"pk": 54, "model": "project.project", "fields": {"category": 1, "name": "rrrrrrrrrrrrrrrrrrrrrrrrrrrrrrrrrrrrrrrrrrrrrrrrrrrrrrrrrrrrrrrrttttttttttttttttttttttttttttttt", "created_time": "2013-11-21T17:35:51", "owner": 2, "islands": [1], "description": "ttt"}}, {"pk": 55, "model": "project.project", "fields": {"category": 1, "name": "gg", "created_time": "2013-11-28T09:32:58", "owner": 2, "islands": [1], "description": "ggg"}}, {"pk": 56, "model": "project.project", "fields": {"category": 1, "name": "ff:ff:a4:1f:72:50:5f:2df", "created_time": "2013-12-02T15:40:00", "owner": 2, "islands": [1], "description": "fff"}}, {"pk": 57, "model": "project.project", "fields": {"category": 1, "name": "ffffffffffffffffffffffffffffffffffffffffffffffffffffffffffffffffffffffffffffffffffffffffffffffffffffffffffffffffffffffffffffffffffffffffffffff", "created_time": "2013-12-03T17:07:46", "owner": 2, "islands": [1], "description": "jjjjj"}}, {"pk": 58, "model": "project.project", "fields": {"category": 1, "name": "mmmmmmmmujjjjjjjjjjjjjjj~!@#$%^&*()_+~!@#$%^&*()P:><\":>:L{PO_)()(*&(*mmmmmmmmujjjjjjjjjjjjjjj~!@#$%^&*()_+~!@#$%^&*()P:><\":>:L{PO_)()(*&(*mmmmmmmmujjjjjjjjjjjjjjj~!@#$%^&*()_+~!@#$%^&*()P:><\":>:L{PO_)()(*&(*ujhhyytyhyhhhhhhhhhhbbbbbbbbbggggggggggfffffu7u7", "created_time": "2013-12-03T17:26:37", "owner": 2, "islands": [1], "description": "ddd"}}, {"pk": 59, "model": "project.project", "fields": {"category": 1, "name": "ddd", "created_time": "2013-12-06T16:18:03", "owner": 2, "islands": [], "description": "ddd"}}, {"pk": 60, "model": "project.project", "fields": {"category": 1, "name": "dddddd", "created_time": "2014-02-12T17:43:02", "owner": 2, "islands": [], "description": "dddd"}}, {"pk": 61, "model": "project.project", "fields": {"category": 1, "name": "ddddddffff", "created_time": "2014-02-12T17:45:52", "owner": 2, "islands": [], "description": "dddd"}}, {"pk": 62, "model": "project.project", "fields": {"category": 1, "name": "ddddddffffddd", "created_time": "2014-02-12T17:46:07", "owner": 2, "islands": [], "description": "dddd"}}, {"pk": 63, "model": "project.project", "fields": {"category": 1, "name": "ddddddffffdddttt", "created_time": "2014-02-12T17:49:37", "owner": 2, "islands": [1], "description": "dddd"}}, {"pk": 64, "model": "project.project", "fields": {"category": 1, "name": "ccc", "created_time": "2014-02-13T16:16:30", "owner": 2, "islands": [1], "description": "ffff"}}, {"pk": 65, "model": "project.project", "fields": {"category": 1, "name": "ddde", "created_time": "2014-02-19T11:12:58", "owner": 2, "islands": [1], "description": "ddd"}}, {"pk": 66, "model": "project.project", "fields": {"category": 1, "name": "dd", "created_time": "2014-02-19T14:57:26", "owner": 2, "islands": [1], "description": "dd"}}, {"pk": 67, "model": "project.project", "fields": {"category": 1, "name": "bb", "created_time": "2014-02-19T14:57:46", "owner": 2, "islands": [1], "description": "bb"}}, {"pk": 1, "model": "project.membership", "fields": {"project": 1, "is_owner": true, "user": 1, "date_joined": "2013-10-09T12:08:35"}}, {"pk": 2, "model": "project.membership", "fields": {"project": 2, "is_owner": true, "user": 1, "date_joined": "2013-10-09T12:10:14"}}, {"pk": 4, "model": "project.membership", "fields": {"project": 4, "is_owner": true, "user": 1, "date_joined": "2013-10-10T02:43:09"}}, {"pk": 5, "model": "project.membership", "fields": {"project": 5, "is_owner": true, "user": 1, "date_joined": "2013-10-10T06:45:06"}}, {"pk": 6, "model": "project.membership", "fields": {"project": 6, "is_owner": true, "user": 1, "date_joined": "2013-10-10T06:45:37"}}, {"pk": 7, "model": "project.membership", "fields": {"project": 7, "is_owner": true, "user": 1, "date_joined": "2013-10-10T06:45:38"}}, {"pk": 8, "model": "project.membership", "fields": {"project": 8, "is_owner": true, "user": 1, "date_joined": "2013-10-10T08:01:09"}}, {"pk": 9, "model": "project.membership", "fields": {"project": 9, "is_owner": true, "user": 1, "date_joined": "2013-10-10T08:51:07"}}, {"pk": 10, "model": "project.membership", "fields": {"project": 10, "is_owner": true, "user": 1, "date_joined": "2013-10-11T01:16:44"}}, {"pk": 11, "model": "project.membership", "fields": {"project": 11, "is_owner": true, "user": 1, "date_joined": "2013-10-11T01:18:34"}}, {"pk": 12, "model": "project.membership", "fields": {"project": 12, "is_owner": true, "user": 1, "date_joined": "2013-10-11T02:55:13"}}, {"pk": 13, "model": "project.membership", "fields": {"project": 13, "is_owner": true, "user": 1, "date_joined": "2013-10-11T07:18:08"}}, {"pk": 14, "model": "project.membership", "fields": {"project": 14, "is_owner": true, "user": 1, "date_joined": "2013-10-11T07:54:03"}}, {"pk": 15, "model": "project.membership", "fields": {"project": 15, "is_owner": true, "user": 1, "date_joined": "2013-10-12T01:57:07"}}, {"pk": 16, "model": "project.membership", "fields": {"project": 16, "is_owner": true, "user": 1, "date_joined": "2013-10-12T02:20:25"}}, {"pk": 17, "model": "project.membership", "fields": {"project": 17, "is_owner": true, "user": 1, "date_joined": "2013-10-12T02:41:56"}}, {"pk": 18, "model": "project.membership", "fields": {"project": 18, "is_owner": true, "user": 1, "date_joined": "2013-10-15T01:30:22"}}, {"pk": 19, "model": "project.membership", "fields": {"project": 19, "is_owner": true, "user": 1, "date_joined": "2013-10-15T01:31:02"}}, {"pk": 20, "model": "project.membership", "fields": {"project": 20, "is_owner": true, "user": 1, "date_joined": "2013-10-15T01:34:52"}}, {"pk": 21, "model": "project.membership", "fields": {"project": 21, "is_owner": true, "user": 1, "date_joined": "2013-10-15T06:47:26"}}, {"pk": 22, "model": "project.membership", "fields": {"project": 22, "is_owner": true, "user": 1, "date_joined": "2013-10-15T07:16:08"}}, {"pk": 23, "model": "project.membership", "fields": {"project": 23, "is_owner": true, "user": 1, "date_joined": "2013-10-17T06:56:26"}}, {"pk": 24, "model": "project.membership", "fields": {"project": 24, "is_owner": true, "user": 1, "date_joined": "2013-10-17T09:00:14"}}, {"pk": 25, "model": "project.membership", "fields": {"project": 25, "is_owner": true, "user": 1, "date_joined": "2013-10-17T09:02:52"}}, {"pk": 26, "model": "project.membership", "fields": {"project": 26, "is_owner": true, "user": 1, "date_joined": "2013-10-17T09:03:37"}}, {"pk": 27, "model": "project.membership", "fields": {"project": 27, "is_owner": true, "user": 1, "date_joined": "2013-10-17T09:06:49"}}, {"pk": 28, "model": "project.membership", "fields": {"project": 28, "is_owner": true, "user": 1, "date_joined": "2013-10-17T09:09:30"}}, {"pk": 29, "model": "project.membership", "fields": {"project": 29, "is_owner": true, "user": 1, "date_joined": "2013-10-17T09:10:21"}}, {"pk": 30, "model": "project.membership", "fields": {"project": 30, "is_owner": true, "user": 1, "date_joined": "2013-10-21T05:28:50"}}, {"pk": 31, "model": "project.membership", "fields": {"project": 31, "is_owner": true, "user": 1, "date_joined": "2013-10-22T06:56:03"}}, {"pk": 32, "model": "project.membership", "fields": {"project": 32, "is_owner": true, "user": 1, "date_joined": "2013-10-23T03:19:54"}}, {"pk": 33, "model": "project.membership", "fields": {"project": 33, "is_owner": true, "user": 1, "date_joined": "2013-10-23T08:35:28"}}, {"pk": 34, "model": "project.membership", "fields": {"project": 34, "is_owner": true, "user": 1, "date_joined": "2013-10-24T01:56:22"}}, {"pk": 35, "model": "project.membership", "fields": {"project": 35, "is_owner": true, "user": 1, "date_joined": "2013-10-25T06:01:20"}}, {"pk": 36, "model": "project.membership", "fields": {"project": 36, "is_owner": true, "user": 1, "date_joined": "2013-10-25T09:54:49"}}, {"pk": 37, "model": "project.membership", "fields": {"project": 37, "is_owner": true, "user": 1, "date_joined": "2013-10-29T07:58:27"}}, {"pk": 38, "model": "project.membership", "fields": {"project": 38, "is_owner": true, "user": 1, "date_joined": "2013-10-29T08:58:56"}}, {"pk": 39, "model": "project.membership", "fields": {"project": 39, "is_owner": true, "user": 1, "date_joined": "2013-10-30T13:56:17"}}, {"pk": 40, "model": "project.membership", "fields": {"project": 40, "is_owner": true, "user": 1, "date_joined": "2013-10-30T13:56:17"}}, {"pk": 41, "model": "project.membership", "fields": {"project": 41, "is_owner": true, "user": 2, "date_joined": "2013-11-05T17:37:02"}}, {"pk": 43, "model": "project.membership", "fields": {"project": 43, "is_owner": true, "user": 2, "date_joined": "2013-11-06T15:45:31"}}, {"pk": 44, "model": "project.membership", "fields": {"project": 44, "is_owner": true, "user": 2, "date_joined": "2013-11-06T16:05:38"}}, {"pk": 45, "model": "project.membership", "fields": {"project": 45, "is_owner": true, "user": 2, "date_joined": "2013-11-06T16:19:48"}}, {"pk": 46, "model": "project.membership", "fields": {"project": 46, "is_owner": true, "user": 2, "date_joined": "2013-11-07T14:09:39"}}, {"pk": 47, "model": "project.membership", "fields": {"project": 47, "is_owner": true, "user": 2, "date_joined": "2013-11-07T14:44:17"}}, {"pk": 48, "model": "project.membership", "fields": {"project": 48, "is_owner": true, "user": 2, "date_joined": "2013-11-07T14:49:26"}}, {"pk": 49, "model": "project.membership", "fields": {"project": 49, "is_owner": true, "user": 2, "date_joined": "2013-11-12T09:52:06"}}, {"pk": 50, "model": "project.membership", "fields": {"project": 50, "is_owner": true, "user": 2, "date_joined": "2013-11-21T09:44:12"}}, {"pk": 51, "model": "project.membership", "fields": {"project": 51, "is_owner": true, "user": 2, "date_joined": "2013-11-21T14:07:32"}}, {"pk": 52, "model": "project.membership", "fields": {"project": 52, "is_owner": true, "user": 1, "date_joined": "2013-11-21T15:30:38"}}, {"pk": 53, "model": "project.membership", "fields": {"project": 53, "is_owner": true, "user": 2, "date_joined": "2013-11-21T16:47:25"}}, {"pk": 54, "model": "project.membership", "fields": {"project": 54, "is_owner": true, "user": 2, "date_joined": "2013-11-21T17:35:51"}}, {"pk": 55, "model": "project.membership", "fields": {"project": 55, "is_owner": true, "user": 2, "date_joined": "2013-11-28T09:32:58"}}, {"pk": 56, "model": "project.membership", "fields": {"project": 56, "is_owner": true, "user": 2, "date_joined": "2013-12-02T15:40:00"}}, {"pk": 57, "model": "project.membership", "fields": {"project": 57, "is_owner": true, "user": 2, "date_joined": "2013-12-03T17:07:46"}}, {"pk": 58, "model": "project.membership", "fields": {"project": 58, "is_owner": true, "user": 2, "date_joined": "2013-12-03T17:26:38"}}, {"pk": 59, "model": "project.membership", "fields": {"project": 59, "is_owner": true, "user": 2, "date_joined": "2013-12-06T16:18:03"}}, {"pk": 60, "model": "project.membership", "fields": {"project": 63, "is_owner": true, "user": 2, "date_joined": "2014-02-12T17:49:38"}}, {"pk": 61, "model": "project.membership", "fields": {"project": 64, "is_owner": true, "user": 2, "date_joined": "2014-02-13T16:16:30"}}, {"pk": 62, "model": "project.membership", "fields": {"project": 65, "is_owner": true, "user": 2, "date_joined": "2014-02-19T11:12:58"}}, {"pk": 63, "model": "project.membership", "fields": {"project": 66, "is_owner": true, "user": 2, "date_joined": "2014-02-19T14:57:26"}}, {"pk": 64, "model": "project.membership", "fields": {"project": 67, "is_owner": true, "user": 2, "date_joined": "2014-02-19T14:57:46"}}]